Keyword	Searchvolume	CPC	Jan	Feb	Mar	Apr	May	Jun	Jul	Aug	Sep	Oct	Nov	Dec
manifestation examples for love	90	11.94	90	70	260	70	70	30	50	110	30	40	50	70
powerful manifestation words	210	11.56	320	210	210	210	170	170	170	260	170	170	210	320
manifestation destiny	90500	7.62	110000	135000	110000	90500	110000	60500	49500	60500	90500	90500	110000	110000
manifestation of destiny	90500	7.62	110000	135000	110000	90500	110000	60500	49500	60500	90500	90500	110000	110000
destiny manifestation	90500	7.62	110000	135000	110000	90500	110000	60500	49500	60500	90500	90500	110000	110000
meditation on manifestation	2900	5.16	3600	2900	2900	2900	2900	2400	2400	2900	2400	2400	2900	2900
meditation manifestation	2900	5.16	3600	2900	2900	2900	2900	2400	2400	2900	2400	2400	2900	2900
manifestation and meditation	2900	5.16	3600	2900	2900	2900	2900	2400	2400	2900	2400	2400	2900	2900
manifestation meditations	2900	5.16	3600	2900	2900	2900	2900	2400	2400	2900	2400	2400	2900	2900
meditation and manifestation	2900	5.16	3600	2900	2900	2900	2900	2400	2400	2900	2400	2400	2900	2900
manifestation meditation	2900	5.16	3600	2900	2900	2900	2900	2400	2400	2900	2400	2400	2900	2900
manifestation biblical	1900	3.84	2400	1900	1900	1900	1900	1900	1900	1900	1900	1600	1900	1900
manifestation in the bible	1900	3.84	2400	1900	1900	1900	1900	1900	1900	1900	1900	1600	1900	1900
manifestation bible	1900	3.84	2400	1900	1900	1900	1900	1900	1900	1900	1900	1600	1900	1900
bible manifestation	1900	3.84	2400	1900	1900	1900	1900	1900	1900	1900	1900	1600	1900	1900
biblical manifestation	1900	3.84	2400	1900	1900	1900	1900	1900	1900	1900	1900	1600	1900	1900
manifestation of right sided heart failure	6600	3.51	5400	6600	6600	8100	6600	5400	5400	4400	6600	6600	6600	5400
manifestation of left sided heart failure	8100	3.14	6600	9900	9900	9900	6600	6600	6600	5400	9900	9900	8100	6600
early manifestation of hiv	2900	3.11	2900	3600	2900	2900	2900	2400	2400	2400	2400	2400	2900	2900
physical manifestation of stress	6600	2.99	6600	8100	8100	8100	6600	5400	5400	6600	6600	6600	6600	6600
manifestation day	390	2.79	590	320	320	390	260	260	210	1300	320	260	480	320
negative manifestation of schizophrenia	12100	2.49	9900	12100	14800	18100	12100	9900	9900	8100	9900	12100	18100	14800
physical manifestation of depression	3600	2.42	3600	4400	4400	4400	3600	2900	2900	2900	2900	3600	3600	3600
manifestation of money	4400	2.37	6600	4400	4400	3600	3600	3600	3600	3600	3600	2900	4400	5400
manifestation money	4400	2.37	6600	4400	4400	3600	3600	3600	3600	3600	3600	2900	4400	5400
money manifestation	4400	2.37	6600	4400	4400	3600	3600	3600	3600	3600	3600	2900	4400	5400
manifestation of abundance	4400	2.24	1600	720	880	6600	12100	14800	8100	4400	2900	2400	880	880
abundance manifestation	4400	2.24	1600	720	880	6600	12100	14800	8100	4400	2900	2400	880	880
manifestation for abundance	4400	2.24	1600	720	880	6600	12100	14800	8100	4400	2900	2400	880	880
manifestation abundance	4400	2.24	1600	720	880	6600	12100	14800	8100	4400	2900	2400	880	880
manifestation and abundance	4400	2.24	1600	720	880	6600	12100	14800	8100	4400	2900	2400	880	880
manifestation law	1000	2.17	880	880	1600	1900	1300	1000	1300	1300	1300	1600	480	590
law of manifestation	1000	2.17	880	880	1600	1900	1300	1000	1300	1300	1300	1600	480	590
skin manifestation of sarcoidosis	2400	1.94	2400	2400	2400	2900	2400	2900	2900	2400	2400	2400	1900	1900
manifestation methods for love	70	1.87	50	50	70	90	50	50	70	70	50	70	70	70
manifestation of determination	2400	1.77	2400	2900	2900	3600	3600	1600	1300	1300	2400	2900	2900	2400
manifestation determinations	2400	1.77	2400	2900	2900	3600	3600	1600	1300	1300	2400	2900	2900	2400
manifestation determination	2400	1.77	2400	2900	2900	3600	3600	1600	1300	1300	2400	2900	2900	2400
manifestation lab	1300	1.73	1300	1300	1300	1600	1300	1300	1300	1600	1300	1600	720	1000
define manifestation	27100	1.71	40500	33100	27100	27100	27100	22200	22200	27100	27100	22200	33100	40500
definition manifestation	27100	1.71	40500	33100	27100	27100	27100	22200	22200	27100	27100	22200	33100	40500
manifestation def	27100	1.71	40500	33100	27100	27100	27100	22200	22200	27100	27100	22200	33100	40500
music for manifestation	1300	1.68	1600	1300	1300	1300	1300	1000	1300	1900	1600	1600	1300	1600
manifestation music	1300	1.68	1600	1300	1300	1300	1300	1000	1300	1900	1600	1600	1300	1600
manifestation book pdf	110	1.65	140	90	140	140	70	170	90	70	110	110	90	90
manifestation bracelet	1600	1.55	1900	1900	1900	1300	1600	1900	1900	1300	1600	1300	590	1600
manifestation bracelets	1600	1.55	1900	1900	1900	1300	1600	1900	1900	1300	1600	1300	590	1600
manifestation candle	1000	1.46	1600	1300	1000	1000	1000	880	880	1000	1000	1300	1300	1600
candle manifestation	1000	1.46	1600	1300	1000	1000	1000	880	880	1000	1000	1300	1300	1600
candles manifestation	1000	1.46	1600	1300	1000	1000	1000	880	880	1000	1000	1300	1300	1600
manifestation candles	1000	1.46	1600	1300	1000	1000	1000	880	880	1000	1000	1300	1300	1600
how to manifest what you want quickly	390	1.36	390	320	480	480	480	390	390	480	390	390	320	320
physical manifestation of anxiety	14800	1.36	18100	18100	14800	14800	14800	12100	14800	14800	14800	14800	14800	14800
manifestation movies	2900	1.23	3600	2400	3600	3600	2900	2900	3600	2900	2400	2400	2400	2900
manifestation movie	2900	1.23	3600	2400	3600	3600	2900	2900	3600	2900	2400	2400	2400	2900
1010 angel number meaning manifestation	2900	1.11	3600	3600	2900	3600	2900	2400	2900	1900	1600	1600	3600	2900
manifestation love	2400	1.08	2900	2400	2400	1900	1900	1900	1900	1900	1900	1600	2400	2400
manifestation of love	2400	1.08	2900	2400	2400	1900	1900	1900	1900	1900	1900	1600	2400	2400
love manifestation	2400	1.08	2900	2400	2400	1900	1900	1900	1900	1900	1900	1600	2400	2400
physical manifestation of grief	1600	1.08	1900	1900	1900	1900	1300	1600	1300	1300	1600	1600	1900	1900
how to manifestation love	1300	1.02	1600	1600	1600	1300	1300	1300	1000	1300	1000	1000	1600	1600
manifestation apps	1900	0.99	1900	1000	1000	1300	1000	1000	1000	880	720	9900	1600	1900
manifestation app	1900	0.99	1900	1000	1000	1300	1000	1000	1000	880	720	9900	1600	1900
manifestation babe	1300	0.98	2900	1300	1300	1000	1300	880	880	1000	1000	1300	1300	1900
quote manifestation	5400	0.95	9900	6600	5400	5400	4400	4400	4400	5400	4400	3600	5400	6600
quotes of manifestation	5400	0.95	9900	6600	5400	5400	4400	4400	4400	5400	4400	3600	5400	6600
manifestation quotes	5400	0.95	9900	6600	5400	5400	4400	4400	4400	5400	4400	3600	5400	6600
quotes manifestation	5400	0.95	9900	6600	5400	5400	4400	4400	4400	5400	4400	3600	5400	6600
manifestation board	1000	0.91	1900	880	720	880	720	720	720	880	880	880	1000	2400
manifestation of wound infection	3600	0.87	3600	3600	3600	3600	3600	4400	4400	4400	3600	3600	2900	2900
the manifestation	3600	0.87	3600	3600	4400	4400	3600	3600	4400	4400	3600	3600	3600	3600
money manifestation affirmations	1300	0.84	1600	1000	1000	1300	1600	1300	1000	1600	1000	1000	1300	1300
manifestation money affirmations	1300	0.84	1600	1000	1000	1300	1600	1300	1000	1600	1000	1000	1300	1300
manifestation book journal	70	0.82	70	40	40	50	40	50	110	90	40	30	70	90
manifestation journal	5400	0.81	9900	5400	4400	4400	3600	3600	4400	4400	5400	8100	6600	9900
journal manifestation	5400	0.81	9900	5400	4400	4400	3600	3600	4400	4400	5400	8100	6600	9900
manifestation journaling	5400	0.81	9900	5400	4400	4400	3600	3600	4400	4400	5400	8100	6600	9900
journaling manifestation	5400	0.81	9900	5400	4400	4400	3600	3600	4400	4400	5400	8100	6600	9900
manifestation journals	5400	0.81	9900	5400	4400	4400	3600	3600	4400	4400	5400	8100	6600	9900
manifestation methods	2400	0.8	2900	2400	2400	2400	1900	1900	1900	2400	1900	1600	2900	2400
techniques of manifestation	2400	0.8	2900	2400	2400	2400	1900	1900	1900	2400	1900	1600	2900	2400
manifestation techniques	2400	0.8	2900	2400	2400	2400	1900	1900	1900	2400	1900	1600	2900	2400
manifestation method	2400	0.8	2900	2400	2400	2400	1900	1900	1900	2400	1900	1600	2900	2400
manifestation generator	6600	0.75	8100	6600	8100	6600	6600	5400	5400	5400	4400	4400	6600	6600
books on manifestation	1300	0.75	1600	1000	1000	1000	1000	1000	1300	1000	1000	1300	1300	1600
book on manifestation	1300	0.75	1600	1000	1000	1000	1000	1000	1300	1000	1000	1300	1300	1600
book manifestation	1300	0.75	1600	1000	1000	1000	1000	1000	1300	1000	1000	1300	1300	1600
books about manifestation	1300	0.75	1600	1000	1000	1000	1000	1000	1300	1000	1000	1300	1300	1600
book about manifestation	1300	0.75	1600	1000	1000	1000	1000	1000	1300	1000	1000	1300	1300	1600
books manifestation	1300	0.75	1600	1000	1000	1000	1000	1000	1300	1000	1000	1300	1300	1600
manifestation how	12100	0.74	18100	12100	12100	12100	12100	9900	12100	14800	9900	9900	14800	14800
manifestation how to	12100	0.74	18100	12100	12100	12100	12100	9900	12100	14800	9900	9900	14800	14800
manifestation book	14800	0.71	4400	4400	3600	2900	8100	27100	49500	33100	27100	14800	2900	3600
manifestation books	14800	0.71	4400	4400	3600	2900	8100	27100	49500	33100	27100	14800	2900	3600
whispers of manifestation on borlest	4400	0.67	0	0	0	0	0	0	0	18100	18100	18100	0	0
manifestation	246000	0.66	301000	246000	246000	246000	246000	201000	201000	201000	201000	201000	246000	246000
manifestation power	1000	0.66	1600	1000	1000	1000	1000	1000	1000	1000	880	1000	880	1000
whisper of manifestation	2900	0.62	0	0	0	0	0	0	140	14800	12100	9900	0	0
whispers of manifestation	2900	0.62	0	0	0	0	0	0	140	14800	12100	9900	0	0
dictionary	1830000	0.6	2240000	2240000	2240000	2240000	1830000	1830000	1830000	1830000	1830000	2740000	2240000	1830000
crystals manifestation	1300	0.59	1900	1600	1600	1300	1300	1000	1000	1600	1000	1000	1600	1600
crystal manifestation	1300	0.59	1900	1600	1600	1300	1300	1000	1000	1600	1000	1000	1600	1600
manifestation crystal	1300	0.59	1900	1600	1600	1300	1300	1000	1000	1600	1000	1000	1600	1600
manifestation crystals	1300	0.59	1900	1600	1600	1300	1300	1000	1000	1600	1000	1000	1600	1600
crystals for manifestation	1300	0.59	1900	1600	1600	1300	1300	1000	1000	1600	1000	1000	1600	1600
best manifestation books	880	0.58	880	590	720	590	590	720	2400	1300	880	720	590	880
manifestation definition in the bible	1300	0.55	1600	1600	1300	1000	1300	1300	1300	1300	1300	1300	1300	1600
manifestation meaning in bible	1300	0.55	1600	1600	1300	1000	1300	1300	1300	1300	1300	1300	1300	1600
manifestation biblical definition	1300	0.55	1600	1600	1300	1000	1300	1300	1300	1300	1300	1300	1300	1600
manifestation meaning in the bible	1300	0.55	1600	1600	1300	1000	1300	1300	1300	1300	1300	1300	1300	1600
manifestation definition bible	1300	0.55	1600	1600	1300	1000	1300	1300	1300	1300	1300	1300	1300	1600
manifestation bible definition	1300	0.55	1600	1600	1300	1000	1300	1300	1300	1300	1300	1300	1300	1600
define manifestation biblical	1300	0.55	1600	1600	1300	1000	1300	1300	1300	1300	1300	1300	1300	1600
biblical meaning of manifestation	1300	0.55	1600	1600	1300	1000	1300	1300	1300	1300	1300	1300	1300	1600
definition of manifestation in the bible	1300	0.55	1600	1600	1300	1000	1300	1300	1300	1300	1300	1300	1300	1600
secret manifestation technique	90	0.53	50	70	90	90	110	70	110	110	110	140	40	70
manifestation now	2900	0.52	390	260	260	320	210	260	320	1900	22200	9900	260	260
top 10 manifestation books	70	0.44	20	10	10	10	10	20	30	90	480	210	10	20
best-selling books on manifestation	70	0.42	90	50	90	90	90	70	90	110	70	70	70	70
333 angel number meaning manifestation	8100	0.41	8100	8100	8100	9900	9900	12100	8100	4400	4400	4400	6600	6600
369 manifestation	1600	0.41	1600	1300	1300	1000	1000	3600	1300	1300	1300	1900	1300	1600
best manifestation books for beginners	170	0.4	140	140	140	90	140	90	90	140	720	170	90	70
affirmation for manifestation	1900	0.39	2900	2400	2400	2400	1900	1900	1600	2400	1900	1600	1900	2400
manifestation affirmation	1900	0.39	2900	2400	2400	2400	1900	1900	1600	2400	1900	1600	1900	2400
manifestation affirmations	1900	0.39	2900	2400	2400	2400	1900	1900	1600	2400	1900	1600	1900	2400
affirmations for manifestation	1900	0.39	2900	2400	2400	2400	1900	1900	1600	2400	1900	1600	1900	2400
affirmations manifestation	1900	0.39	2900	2400	2400	2400	1900	1900	1600	2400	1900	1600	1900	2400
affirmation manifestation	1900	0.39	2900	2400	2400	2400	1900	1900	1600	2400	1900	1600	1900	2400
manifestation examples	1900	0.33	2900	1600	1600	1600	1600	1300	1300	3600	1600	1900	1900	1900
manifestation example	1900	0.33	2900	1600	1600	1600	1600	1300	1300	3600	1600	1900	1900	1900
best days for manifestation 2024	170	0.32	90	210	210	320	210	110	140	390	170	90	0	0
369 manifestation method	1600	0.27	2400	1900	1600	1000	1000	1900	1000	1300	1000	880	4400	1900
369 manifestation-method	1600	0.27	2400	1900	1600	1000	1000	1900	1000	1300	1000	880	4400	1900
369 manifestation methods	1600	0.27	2400	1900	1600	1000	1000	1900	1000	1300	1000	880	4400	1900
what is the manifestation	8100	0.18	9900	8100	8100	8100	6600	6600	6600	8100	6600	6600	6600	8100
what is manifestation	8100	0.18	9900	8100	8100	8100	6600	6600	6600	8100	6600	6600	6600	8100
what is manifestation meaning	1600	0.17	1900	1600	1600	1600	1900	1600	1300	1300	1300	1300	1300	1300
what is the meaning of manifestation	1600	0.17	1900	1600	1600	1600	1900	1600	1300	1300	1300	1300	1300	1300
what is manifestation means	1600	0.17	1900	1600	1600	1600	1900	1600	1300	1300	1300	1300	1300	1300
what is manifestation mean	1600	0.17	1900	1600	1600	1600	1900	1600	1300	1300	1300	1300	1300	1300
what is meaning of manifestation	1600	0.17	1900	1600	1600	1600	1900	1600	1300	1300	1300	1300	1300	1300
script manifestation	1000	0.15	1300	1300	1000	1000	880	880	880	1000	720	1000	1300	1000
meaning for manifestation	1300	0.11	1600	1300	1600	1300	1300	1000	1000	1300	1300	1300	1300	1300
meaning manifestation	1300	0.11	1600	1300	1600	1300	1300	1000	1000	1300	1300	1300	1300	1300
meaning of manifestation	1300	0.11	1600	1300	1600	1300	1300	1000	1000	1300	1300	1300	1300	1300
manifestation defined	22200	0.08	27100	22200	22200	22200	22200	18100	18100	18100	22200	18100	22200	27100
manifestation definition	22200	0.08	27100	22200	22200	22200	22200	18100	18100	18100	22200	18100	22200	27100
definition of manifestation	3600	0.08	4400	4400	3600	3600	3600	2900	2900	3600	3600	2900	3600	3600
def of manifestation	3600	0.08	4400	4400	3600	3600	3600	2900	2900	3600	3600	2900	3600	3600
is manifestation real	2900	0.08	3600	2900	2900	3600	2900	2900	2900	3600	2900	2900	2900	2900
manifestation full moon	1300	0.08	1300	1600	1000	1300	1000	1300	1300	1900	1600	1600	1600	1300
manifestation on a full moon	1300	0.08	1300	1600	1000	1300	1000	1300	1300	1900	1600	1600	1600	1300
full moon manifestation	1300	0.08	1300	1600	1000	1300	1000	1300	1300	1900	1600	1600	1600	1300
manifestation methods writing	70	0.06	50	110	70	70	50	70	40	70	30	30	90	40
555 angel number meaning manifestation	3600	0.06	3600	3600	3600	3600	3600	3600	3600	2400	2400	2400	4400	4400
manifestation specific person	1000	0.06	1000	880	1000	1000	1000	880	1000	880	880	880	880	1000
manifestation meaning	74000	0.05	90500	74000	74000	74000	74000	60500	60500	74000	74000	74000	60500	60500
definition for manifestation	74000	0.05	90500	74000	74000	74000	74000	60500	60500	74000	74000	74000	60500	60500
what are manifestation	1600	0.05	1900	1600	1600	1600	1600	1600	1600	1600	1600	1600	1600	1600
what does manifestation means	12100	0.04	14800	12100	12100	12100	9900	9900	9900	9900	9900	9900	9900	12100
what does manifestation mean	12100	0.04	14800	12100	12100	12100	9900	9900	9900	9900	9900	9900	9900	12100
what do manifestation mean	12100	0.04	14800	12100	12100	12100	9900	9900	9900	9900	9900	9900	9900	12100
1111 angel number meaning manifestation	6600	0.04	9900	8100	6600	5400	6600	6600	4400	2900	2400	2400	12100	9900
444 angel number meaning manifestation	2900	0.04	3600	3600	3600	3600	3600	2400	2400	1900	1300	1600	4400	6600
2222 angel number manifestation	1300	0.04	390	480	390	320	260	260	260	210	170	12100	390	390
manifestation season 4	3600	0.03	5400	4400	3600	3600	3600	2900	2400	1900	1600	1300	4400	4400
manifestation quote	1300	0.03	1900	1300	1300	1000	1000	880	1000	1000	1000	880	1300	1600
quote about manifestation	1300	0.03	1900	1300	1300	1000	1000	880	1000	1000	1000	880	1300	1600
quotes about manifestation	1300	0.03	1900	1300	1300	1000	1000	880	1000	1000	1000	880	1300	1600
manifestation examples for success	70	0.02	90	70	70	70	70	70	50	140	40	50	70	90
111 angel number meaning: manifestation	4400	0.02	5400	5400	4400	4400	4400	4400	3600	3600	2900	2400	9900	6600
111 angel number meaning manifestation	4400	0.02	5400	5400	4400	4400	4400	4400	3600	3600	2900	2400	9900	6600
222 angel number meaning manifestation	3600	0.02	3600	4400	4400	3600	3600	3600	3600	2400	1900	2400	5400	4400
what does the bible say about manifestation	1300	0.02	1900	1600	1300	1300	1300	1000	1300	1300	1000	1000	1300	1600
manifestation meaning in hindi	1600	0	1900	1600	1600	1600	1900	1600	1600	1900	1900	1900	1300	1600
manifestation meaning with examples	1000	0	1300	880	1000	1000	880	720	880	880	880	1000	1300	1300
manifestation meaning in english	720	0	1000	880	720	720	880	590	590	720	590	480	720	880
manifestation meaning in medical	480	0	590	480	480	480	390	320	390	480	720	480	390	260
manifestation meaning in urdu	320	0	260	260	260	260	390	260	260	320	390	390	210	260
how to pronounce manifestation	210	0	320	260	210	210	170	140	140	320	260	260	260	260
777 manifestation method	210	0	170	170	170	210	260	320	480	210	260	260	140	140
manifestation meaning in tamil	170	0	170	170	210	210	170	170	140	260	210	210	110	140
manifestation methods for a specific person	90	0	30	50	70	90	90	110	110	110	110	110	90	70
manifestation meaning in telugu	90	0	70	70	110	90	110	70	70	90	90	140	50	70
best manifestation methods for love	70	0	90	110	110	70	30	30	40	30	20	20	110	110
manifestation day 2024	70	0	70	40	30	110	30	20	20	480	20	20	0	0
manifestation examples in sentences	50	0	70	40	70	70	30	40	30	90	40	30	50	50
manifestation examples for money	50	0	70	40	50	50	70	30	70	110	20	30	50	70
manifestation cast	49500	0	60500	49500	49500	40500	49500	40500	49500	49500	40500	60500	60500	49500
manifestation synonyms	9900	0	9900	12100	9900	12100	8100	5400	6600	6600	9900	12100	9900	9900
synonyms for manifestation	9900	0	9900	12100	9900	12100	8100	5400	6600	6600	9900	12100	9900	9900
manifestation synonym	9900	0	9900	12100	12100	14800	9900	6600	6600	6600	9900	12100	12100	12100
synonyms manifestation	9900	0	9900	12100	12100	14800	9900	6600	6600	6600	9900	12100	12100	12100
manifestation syn	9900	0	9900	12100	12100	14800	9900	6600	6600	6600	9900	12100	12100	12100
synonyms of manifestation	9900	0	9900	12100	9900	12100	8100	5400	6600	6600	9900	12100	9900	9900
manifestation show	9900	0	14800	9900	12100	12100	9900	9900	9900	8100	8100	9900	6600	8100
manifestation antonyms	9900	0	9900	12100	9900	12100	8100	5400	6600	6600	9900	12100	9900	9900
manifestation thesaurus	9900	0	9900	12100	9900	12100	8100	5400	6600	6600	9900	12100	9900	9900
synonym of manifestation	9900	0	9900	12100	9900	12100	8100	5400	6600	6600	9900	12100	9900	9900
synonym for manifestation	9900	0	9900	12100	9900	12100	8100	5400	6600	6600	9900	12100	9900	9900
manifestation netflix	3600	0	5400	4400	4400	3600	3600	2900	2400	2400	1900	1900	3600	4400
is manifestation a sin	3600	0	4400	3600	4400	4400	3600	3600	3600	4400	2900	2900	3600	3600
1212 manifestation meaning	3600	0	3600	3600	4400	4400	3600	3600	2900	1900	1900	1900	4400	4400
manifestation tv show	3600	0	4400	3600	4400	3600	4400	2900	3600	2900	2900	2900	3600	3600
clinical manifestation	2900	0	2900	4400	2900	3600	1900	1900	1600	1900	3600	3600	3600	1600
manifestation memes	2400	0	2900	2400	2400	2400	2400	1900	2400	2400	1900	1900	2400	2400
does manifestation works	2400	0	2900	2400	2400	2400	2400	2400	2400	2400	1900	1900	2400	2400
another word for manifestation	2400	0	2400	2900	2900	2900	2400	1600	1600	1600	2900	3600	2400	2400
444 meaning manifestation	2400	0	2900	2900	2900	3600	2900	2400	2400	1600	1600	1600	3600	2900
manifestation meme	2400	0	2900	2400	2400	2400	2400	1900	2400	2400	1900	1900	2400	2400
do manifestation work	2400	0	2900	2400	2400	2400	2400	2400	2400	2400	1900	1900	2400	2400
does manifestation work	2400	0	2900	2400	2400	2400	2400	2400	2400	2400	1900	1900	2400	2400
manifestation series	1900	0	2900	2400	2400	1900	1900	1600	1600	1300	1300	1600	1900	1900
meaning of manifestation in hindi	1600	0	1900	1600	1600	1600	1900	1600	1600	1900	1900	1900	1300	1600
clinical manifestation meaning	1600	0	1900	2400	1300	1600	880	720	720	1000	1900	1900	1900	880
hindi meaning of manifestation	1600	0	1900	1600	1600	1600	1900	1600	1600	1900	1900	1900	1300	1600
definition of clinical manifestation	1600	0	1900	2400	1300	1600	880	720	720	1000	1900	1900	1900	880
define clinical manifestation	1600	0	1900	2400	1300	1600	880	720	720	1000	1900	1900	1900	880
manifestation hindi meaning	1600	0	1900	1600	1600	1600	1900	1600	1600	1900	1900	1900	1300	1600
clinical manifestation means	1600	0	1900	2400	1300	1600	880	720	720	1000	1900	1900	1900	880
definition clinical manifestation	1600	0	1900	2400	1300	1600	880	720	720	1000	1900	1900	1900	880
manifestation sentences	1300	0	1600	1600	1300	1300	1000	720	880	1600	1900	1900	1300	1000
monk manifestation bg3	1300	0	3600	1600	1300	880	880	720	720	880	880	720	1600	2400
manifestation in a sentence	1300	0	1600	1600	1300	1300	1000	720	880	1600	1900	1900	1300	1000
monk's manifestation bg3	1300	0	3600	1600	1300	880	880	720	720	880	880	720	1600	2400
manifestation 2024	1300	0	5400	2400	590	480	590	720	390	260	210	260	1000	2400
manifestation sentence	1300	0	1600	1600	1300	1300	1000	720	880	1600	1900	1900	1300	1000
manifestation reddit	1000	0	1000	1000	1000	1000	1000	1000	1000	1300	1000	1000	880	1000
manifestation symbols	1000	0	1300	1000	1300	880	880	720	880	1000	880	880	1000	1000
Keyword	Searchvolume	CPC	Jan	Feb	Mar	Apr	May	Jun	Jul	Aug	Sep	Oct	Nov	Dec
autism clinical manifestations	165000	$1.86 	165000	165000	165000	201000	201000	201000	201000	165000	165000	165000	165000	165000
manifestation	110000	$2 	165000	135000	110000	110000	110000	90500	90500	110000	90500	90500	110000	110000
manifestation how	22200	$2 	33100	33100	22200	18100	22200	18100	27100	27100	14800	14800	33100	27100
manifestation how to	22200	$2 	33100	33100	22200	18100	22200	18100	27100	27100	14800	14800	33100	27100
manifestations of down syndrome	22200	$3.10 	18100	18100	22200	27100	27100	18100	18100	22200	18100	18100	18100	14800
manifestation quotes	18100	$2 	27100	18100	18100	18100	18100	18100	18100	18100	14800	14800	18100	22200
quotes of manifestation	18100	$2 	27100	18100	18100	18100	18100	18100	18100	18100	14800	14800	18100	22200
manifestation quote	18100	$2 	27100	18100	18100	18100	18100	18100	18100	18100	14800	14800	18100	22200
quotes about manifestation	18100	$2 	27100	18100	18100	18100	18100	18100	18100	18100	14800	14800	18100	22200
quotes on manifestation	18100	$2 	27100	18100	18100	18100	18100	18100	18100	18100	14800	14800	18100	22200
what manifestation	12100	$2 	18100	14800	12100	12100	12100	9900	12100	12100	9900	9900	14800	14800
what is manifestation	12100	$2 	18100	14800	12100	12100	12100	9900	12100	12100	9900	9900	14800	14800
333 angel number meaning manifestation	9900	$1.75 	9900	14800	12100	12100	8100	9900	9900	6600	6600	4400	4400	5400
manifestation journal	8100	$1.72 	14800	8100	6600	6600	5400	6600	6600	8100	5400	5400	9900	12100
manifestation methods	8100	$2.43 	14800	9900	8100	8100	8100	8100	9900	9900	5400	5400	9900	12100
manifestation method	8100	$2.43 	14800	9900	8100	8100	8100	8100	9900	9900	5400	5400	9900	12100
journaling for manifestation	8100	$1.72 	14800	8100	6600	6600	5400	6600	6600	8100	5400	5400	9900	12100
journal manifestation	8100	$1.72 	14800	8100	6600	6600	5400	6600	6600	8100	5400	5400	9900	12100
manifestation journaling	8100	$1.72 	14800	8100	6600	6600	5400	6600	6600	8100	5400	5400	9900	12100
journal for manifestation	8100	$1.72 	14800	8100	6600	6600	5400	6600	6600	8100	5400	5400	9900	12100
manifestation journals	8100	$1.72 	14800	8100	6600	6600	5400	6600	6600	8100	5400	5400	9900	12100
222 angel number meaning manifestation	8100	$0.07 	49500	40500	390	320	480	390	480	480	390	390	590	4400
manifestation for money	6600	$2.60 	8100	5400	5400	5400	5400	5400	8100	6600	6600	6600	6600	6600
manifestation generator	6600	$2.22 	5400	5400	8100	6600	6600	6600	6600	8100	6600	5400	5400	5400
369 manifestation-method	5400	$3.16 	9900	4400	6600	3600	3600	3600	4400	5400	3600	4400	6600	6600
369 manifestation methods	5400	$3.16 	9900	4400	6600	3600	3600	3600	4400	5400	3600	4400	6600	6600
crystal manifestation	5400	$0.40 	6600	5400	4400	4400	4400	4400	4400	4400	3600	8100	8100	8100
manifestation with crystals	5400	$0.80 	6600	5400	4400	4400	4400	4400	4400	4400	3600	3600	8100	8100
manifestation crystal	5400	$0.80 	6600	5400	4400	4400	4400	4400	4400	4400	3600	3600	8100	8100
manifestation crystals	5400	$0.80 	6600	5400	4400	4400	4400	4400	4400	4400	3600	3600	8100	8100
crystals for manifestation	5400	$0.80 	6600	5400	4400	4400	4400	4400	4400	4400	3600	3600	8100	8100
crystal for manifestation	5400	$0.80 	6600	5400	4400	4400	4400	4400	4400	4400	3600	3600	8100	8100
manifestation of money	5400	$2.71 	8100	5400	5400	5400	5400	5400	8100	6600	5400	4400	6600	6600
manifestation money	5400	$2.71 	8100	5400	5400	5400	5400	5400	8100	6600	5400	4400	6600	6600
money manifestation	5400	$2.71 	8100	5400	5400	5400	5400	5400	8100	6600	5400	4400	6600	6600
manifestation love	4400	$3.71 	5400	5400	4400	4400	4400	3600	4400	4400	3600	3600	5400	4400
manifestation of love	4400	$3.71 	5400	5400	4400	4400	4400	3600	4400	4400	3600	3600	5400	4400
love manifestation	4400	$3.71 	5400	5400	4400	4400	4400	3600	4400	4400	3600	3600	5400	4400
manifestation affirmations	3600	$3.41 	5400	5400	3600	3600	3600	2900	3600	3600	2900	2900	4400	4400
affirmations for manifestation	3600	$3.41 	5400	5400	3600	3600	3600	2900	3600	3600	2900	2900	4400	4400
affirmations manifestation	3600	$3.41 	5400	5400	3600	3600	3600	2900	3600	3600	2900	2900	4400	4400
meditation manifestation	3600	$3.88 	3600	3600	3600	3600	2900	2900	3600	3600	2900	2900	2900	2900
meditation for manifestation	3600	$3.88 	3600	3600	3600	3600	2900	2900	3600	3600	2900	2900	2900	2900
manifestation meditations	3600	$3.88 	3600	3600	3600	3600	2900	2900	3600	3600	2900	2900	2900	2900
manifestation meditation	3600	$3.88 	3600	3600	3600	3600	2900	2900	3600	3600	2900	2900	2900	2900
affirmation for manifestation	2900	$5.10 	3600	2400	2400	3600	3600	2900	3600	3600	2900	2900	2900	2900
manifestation affirmation	2900	$5.10 	3600	2400	2400	3600	3600	2900	3600	3600	2900	2900	2900	2900
affirmation manifestation	2900	$5.10 	3600	2400	2400	3600	3600	2900	3600	3600	2900	2900	2900	2900
books on manifestation	2900	$2.33 	3600	2900	2400	2400	2400	2400	2900	2900	1900	1900	2900	3600
book on manifestation	2900	$2.33 	3600	2900	2400	2400	2400	2400	2900	2900	1900	1900	2900	3600
books for manifestation	2900	$2.33 	3600	2900	2400	2400	2400	2400	2900	2900	1900	1900	2900	3600
books about manifestation	2900	$2.33 	3600	2900	2400	2400	2400	2400	2900	2900	1900	1900	2900	3600
book about manifestation	2900	$2.33 	3600	2900	2400	2400	2400	2400	2900	2900	1900	1900	2900	3600
books manifestation	2900	$2.33 	3600	2900	2400	2400	2400	2400	2900	2900	1900	1900	2900	3600
manifestation books	2900	$2.33 	3600	2900	2400	2400	2400	2400	2900	2900	1900	1900	2900	3600
is manifestation real	2900	$3.36 	3600	2900	2900	2900	3600	2900	3600	2900	2400	2900	2900	3600
book of manifestation	2900	$2.33 	3600	2900	2400	2400	2400	2400	2900	2900	1900	1900	2900	3600
manifestation examples	2400	$2.40 	3600	4400	2400	2400	1900	1900	2400	2900	1600	1600	2900	2400
how to manifestation love	2400	$3.31 	2900	2400	2400	2400	2400	2400	2400	2400	1900	1900	2400	2400
manifestation example	2400	$2.40 	3600	4400	2400	2400	1900	1900	2400	2900	1600	1600	2900	2400
examples of manifestation	2400	$2.40 	3600	4400	2400	2400	1900	1900	2400	2900	1600	1600	2900	2400
example of manifestation	2400	$2.40 	3600	4400	2400	2400	1900	1900	2400	2900	1600	1600	2900	2400
does manifestation work	2400	$4.17 	2900	2400	2400	2400	2400	2400	2900	2400	1600	1600	3600	2900
111 angel number meaning: manifestation	2400	$0.75 	4400	9900	390	390	480	480	390	480	880	1900	2900	3600
111 angel number meaning manifestation	2400	$0.75 	4400	9900	390	390	480	480	390	480	880	1900	2900	3600
manifestation candle	1900	$0.88 	2400	1900	1600	1600	1600	1300	1600	1600	1600	1600	2400	2900
candle manifestation	1900	$0.88 	2400	1900	1600	1600	1600	1300	1600	1600	1600	1600	2400	2900
manifestation candles	1900	$0.88 	2400	1900	1600	1600	1600	1300	1600	1600	1600	1600	2400	2900
manifestation with candles	1900	$0.88 	2400	1900	1600	1600	1600	1300	1600	1600	1600	1600	2400	2900
444 meaning manifestation	1900	$0.12 	320	210	480	2900	2400	2900	2900	1600	1900	2900	1900	1600
manifestation book	1600	$2.14 	1900	1600	1300	1300	1000	1300	1300	1300	1300	1900	1600	1600
369 manifestation method	1600	$0.27 	2400	1900	1600	1000	1000	1900	1000	1300	1000	880	4400	1900
369 manifestation	1600	$0.41 	1600	1300	1300	1000	1000	3600	1300	1300	1300	1900	1300	1600
manifestation spell	1600	$4 	1900	1900	1600	1600	1600	1600	1600	1600	1300	1600	1900	1600
manifestation full moon	1600	$2.55 	2400	1900	1300	1300	1000	1900	2400	1900	1600	2400	1600	1300
new moon manifestation	1600	$2.30 	4400	1000	1900	1600	1300	1600	2400	1000	1300	1000	1900	1000
full moon manifestation	1600	$2.55 	2400	1900	1300	1300	1000	1900	2400	1900	1600	2400	1600	1300
scripting manifestation	1600	$3.51 	2400	1900	1900	1300	1300	1300	2400	1900	1000	1000	1900	1900
manifestation new moon	1600	$2.30 	4400	1000	1900	1600	1300	1600	2400	1000	1300	1000	1900	1000
manifestation techniques	1600	$3.39 	1900	1600	1300	1300	1300	1300	1600	1900	1600	1000	1600	1300
manifestation tattoo	1600	$1.66 	1900	1600	1900	1600	1900	1600	1600	1600	1300	1300	1600	1600
manifestation spells	1600	$4 	1900	1900	1600	1600	1600	1600	1600	1600	1300	1600	1900	1600
manifestation technique	1600	$3.39 	1900	1600	1300	1300	1300	1300	1600	1900	1600	1000	1600	1300
manifestation tattoos	1600	$1.66 	1900	1600	1900	1600	1900	1600	1600	1600	1300	1300	1600	1600
manifestation in the bible	1600	$2.45 	2400	1600	1600	1300	1600	1300	1600	1600	1300	1300	1600	1600
money manifestation affirmations	1600	$3.60 	2400	1900	1600	1600	1600	1300	1300	1600	1300	1600	1600	1600
manifestation money affirmations	1600	$3.60 	2400	1900	1600	1600	1600	1300	1300	1600	1300	1600	1600	1600
manifestation board	1600	$2 	2900	1600	1300	1000	1000	1300	1300	1300	1300	1300	1300	2900
manifestation bible	1600	$2.45 	2400	1600	1600	1300	1600	1300	1600	1600	1300	1300	1600	1600
bible manifestation	1600	$2.45 	2400	1600	1600	1300	1600	1300	1600	1600	1300	1300	1600	1600
manifestation boards	1600	$2 	2900	1600	1300	1000	1000	1300	1300	1300	1300	1300	1300	2900
manifestation babe	1600	$172.65 	2400	2400	2400	1300	1600	1300	1300	1300	1300	1600	1300	1900
whisper method manifestation	1600	$38.35 	50	30	170	1300	1000	3600	3600	2900	2400	2400	90	70
spiritual manifestation	1300	$2.30 	1600	1300	1300	1000	1000	1600	1600	1300	1300	1300	1600	1600
manifestation numbers	1300	$5.14 	1900	1600	1300	1300	1300	1300	1600	1300	1000	880	1900	1900
law of attraction manifestation	1300	$3.99 	1300	1000	1300	1300	1600	1300	1000	1300	1000	1000	1300	1300
music for manifestation	1300	$3.29 	1600	1600	1300	1300	1300	1000	1300	1600	1000	1300	1600	1600
manifestation your dreams	1300	$2.25 	1900	1600	1300	1300	1300	1000	1000	1000	1000	1000	1300	1600
manifestation law of attraction	1300	$3.99 	1300	1000	1300	1300	1600	1300	1000	1300	1000	1000	1300	1300
manifestation music	1300	$3.29 	1600	1600	1300	1300	1300	1000	1300	1600	1000	1300	1600	1600
manifestation the law of attraction	1300	$3.99 	1300	1000	1300	1300	1600	1300	1000	1300	1000	1000	1300	1300
laws of attraction manifestation	1300	$3.99 	1300	1000	1300	1300	1600	1300	1000	1300	1000	1000	1300	1300
music manifestation	1300	$3.29 	1600	1600	1300	1300	1300	1000	1300	1600	1000	1300	1600	1600
positive manifestation	1300	$3.38 	1600	1300	1300	1000	1300	1000	1000	1300	1000	1000	1300	1300
power manifestation	1300	$2 	1300	1000	1000	1000	1300	1900	1900	1600	1300	1300	1000	1300
manifestation powers	1300	$2 	1300	1000	1000	1000	1300	1900	1900	1600	1300	1300	1000	1300
best manifestation books	1000	$1.35 	1600	880	880	880	880	880	1000	1000	880	880	880	1300
best crystals for manifestation	1000	$0.85 	1000	1000	880	720	720	720	880	880	880	880	2900	1900
manifestation power	1000	$2 	1300	1000	1000	1000	1300	1000	1300	1000	1000	1000	1000	1300
manifestation definition in the bible	1000	$2.21 	1600	1300	1300	1000	1000	720	880	1000	1000	1000	1300	1000
manifestation of power	1000	$2 	1300	1000	1000	1000	1300	1000	1300	1000	1000	1000	1000	1300
how does manifestation work	1000	$2 	1300	1000	1000	1000	1000	1000	1000	1000	880	880	1300	1300
manifestation spiritual	1000	$2.66 	1600	1300	1300	1000	1000	880	1000	1000	880	880	1600	1600
manifestation definition bible	1000	$2.21 	1600	1300	1300	1000	1000	720	880	1000	1000	1000	1300	1000
manifestation bible definition	1000	$2.21 	1600	1300	1300	1000	1000	720	880	1000	1000	1000	1300	1000
manifestation of the spirit	1000	$2.66 	1600	1300	1300	1000	1000	880	1000	1000	880	880	1600	1600
how does manifestation works	1000	$2 	1300	1000	1000	1000	1000	1000	1000	1000	880	880	1300	1300
power of manifestation	1000	$2 	1300	1000	1000	1000	1300	1000	1300	1000	1000	1000	1000	1300
manifestation spirituality	1000	$2.66 	1600	1300	1300	1000	1000	880	1000	1000	880	880	1600	1600
the manifestation of the spirit	1000	$2.66 	1600	1300	1300	1000	1000	880	1000	1000	880	880	1600	1600
spirit manifestation	1000	$2.66 	1600	1300	1300	1000	1000	880	1000	1000	880	880	1600	1600
best manifestation book	1000	$1.35 	1600	880	880	880	880	880	1000	1000	880	880	880	1300
manifestation stone	1000	$0.93 	880	720	720	720	720	1300	1600	1600	1300	1000	880	880
manifestation prayers	1000	$2.90 	1300	1000	880	880	880	880	1000	1000	880	880	1000	880
prayer manifestation	1000	$2.90 	1300	1000	880	880	880	880	1000	1000	880	880	1000	880
prayer for manifestation	1000	$2.90 	1300	1000	880	880	880	880	1000	1000	880	880	1000	880
prayer of manifestation	1000	$2.90 	1300	1000	880	880	880	880	1000	1000	880	880	1000	880
manifestation prayer	1000	$2.90 	1300	1000	880	880	880	880	1000	1000	880	880	1000	880
best books on manifestation	1000	$1.35 	1600	880	880	880	880	880	1000	1000	880	880	880	1300
prayers of manifestation	1000	$2.90 	1300	1000	880	880	880	880	1000	1000	880	880	1000	880
ritual for manifestation	1000	$3.21 	1000	1000	720	720	880	880	1000	1600	1000	1000	1000	880
does manifestation really work	1000	$3.81 	1000	1000	1000	1000	880	1000	1000	1600	1600	1900	590	720
does manifestation really works	1000	$3.81 	1000	1000	1000	1000	880	1000	1000	1600	1600	1900	590	720
manifestation journal prompts	1000	$1.25 	1600	1000	880	1000	880	880	1000	1000	880	720	1000	1000
manifestation journaling prompts	1000	$1.25 	1600	1000	880	1000	880	880	1000	1000	880	720	1000	1000
best books manifestation	1000	$1.35 	1600	880	880	880	880	880	1000	1000	880	880	880	1300
manifestation journal prompt	1000	$1.25 	1600	1000	880	1000	880	880	1000	1000	880	720	1000	1000
prayers for manifestation	1000	$2.90 	1300	1000	880	880	880	880	1000	1000	880	880	1000	880
how to do manifestation	880	$2.93 	880	880	590	590	720	1000	1000	1300	880	880	880	720
manifestation meaning spiritual	880	$2.94 	1000	1600	1300	1000	720	590	590	720	880	880	590	880
manifestation journal ideas	720	$2 	1300	720	590	590	480	390	590	720	480	320	880	1000
369 manifestation journal	590	$0.98 	880	480	590	590	480	590	590	590	590	720	590	720
3 6 9 manifestation method	590	$0.39 	720	480	590	590	720	720	590	480	480	480	720	720
3-6-9 manifestation	480	$0.29 	1000	880	590	390	390	390	170	140	170	210	720	880
3 6 9 manifestation	480	$0.07 	1000	880	590	390	390	390	170	140	170	590	720	880
3/6/9 manifestation	480	$0.29 	1000	880	590	390	390	390	170	140	170	210	720	880
369 manifestation method example	390	$0.13 	880	480	320	390	480	590	70	70	90	40	590	590
369 manifestation method examples	390	$0.13 	880	480	320	390	480	590	70	70	90	40	590	590
powerful manifestation affirmations	320	$3.56 	390	590	320	320	260	260	320	320	210	390	480	320
what is manifestation in the bible	320	$2 	390	260	320	260	260	210	320	390	390	390	320	260
369 method manifestation	320	$1.60 	720	480	210	140	90	110	110	110	110	880	590	590
powerful affirmations for manifestation	320	$6.04 	480	390	390	170	140	260	320	260	210	210	320	390
manifestation methods writing	260	$2.12 	320	320	210	210	140	170	260	260	110	170	480	320
how to pronounce manifestation	260	$0.99 	320	320	320	210	260	260	260	260	260	260	260	260
manifestation t shirt	260	$1.83 	260	170	210	210	210	260	260	260	210	210	320	260
love spell manifestation	210	$3.67 	260	260	260	260	260	170	170	170	210	210	170	170
369 manifestation example	210	$0.03 	260	170	260	140	170	260	170	210	170	110	260	210
369 manifestation examples	210	$0.03 	260	170	260	140	170	260	170	210	170	110	260	210
369 manifestation technique	210	$0.07 	320	320	260	260	140	140	140	90	210	140	260	320
777 manifestation method	210	$0.53 	170	170	170	210	260	320	480	210	260	260	140	140
manifestation methods 369	170	$2.33 	140	140	140	140	140	140	210	210	140	170	170	140
manifestation methods for love	170	$2.20 	170	110	140	140	140	140	210	170	170	260	170	170
how to write affirmations for manifestation	140	$2 	260	170	140	90	90	110	140	170	140	90	90	140
most powerful manifestation method	140	$2.98 	110	110	70	50	70	110	170	210	260	170	170	140
manifestation affirmations for success	140	$2 	210	140	90	90	90	110	110	90	70	50	260	260
manifestation journal pdf	140	$2.07 	170	110	170	110	110	170	170	170	170	110	140	140
manifestation book journal	110	$1.39 	210	140	140	110	70	70	90	110	70	70	110	140
manifestation books for beginners	90	$8.47 	140	70	50	40	50	90	110	110	110	90	90	70
manifestation plr	90	$2.63 	70	50	50	70	20	70	40	30	140	90	140	320
369 manifestations	90	$2.55 	140	90	90	70	110	140	70	90	70	140	110	90
3-6-9 method manifestation	90	$0.02 	140	170	90	50	70	70	30	50	50	50	210	140
spiritual manifestation journal	70	$0.98 	170	90	50	30	40	30	40	40	70	70	110	140
daily manifestation affirmations	70	$2.69 	70	40	50	40	50	110	210	110	90	70	90	50
best guided meditation for manifestation	70	$6.85 	110	70	70	70	40	40	50	90	110	90	70	50
project 369 manifestation journal second edition pdf	70	$1.06 	140	110	50	50	30	50	50	90	50	30	20	90
manifestation wall art	70	$0.96 	70	40	50	40	20	20	50	90	70	70	70	140
369 manifestation affirmations	50	$0.24 	110	50	40	30	20	20	20	10	20	110	70	70
manifestation books amazon	50	$4.94 	30	20	20	30	10	210	170	50	20	10	20	20
manifestation methods journal	50	$1.75 	90	70	30	40	50	50	40	40	40	20	70	50
manifestation journal for beginners	50	$1.43 	50	70	30	50	70	50	70	30	50	20	20	40
best manifestation books for beginners	50	$0.36 	50	70	50	30	40	30	40	40	30	40	50	90
polycythemia vera oral manifestations	40	$4.59 	40	40	40	40	50	50	40	70	30	30	40	30
369 manifestation method on paper	40	$0.01 	90	90	10	10	10	10	10	10	10	20	70	90
manifestation affiliate program	30	$4.35 	30	30	30	30	50	50	20	40	10	20	20	20
effortless manifestation	30	$1.66 	30	20	20	20	10	50	50	40	30	30	30	30
